label,avg_calories_kcal,portion_notes
artichoke,60,1 artichoke (128 g)
arugula,1,1 leaf (2 g)
asparagus,2,1 spear (12 g)
aubergine,115,1 aubergine (458 g)
beetroot,35,1 beet (82 g)
bell pepper,15,1 pepper (73 g)
black olives,2,1 olive (2.7 g)
broccoli,207,1 bunch (608 g)
brussels sprouts,8,1 sprout (19 g)
cabbage,227,1 head (908 g)
capsicum,12,1 pepper (45 g)
carrot,25,1 carrot (61 g)
cauliflower,3,1 floweret (13 g)
celery,6,1 stalk (40 g)
chard,9,1 leaf (48 g)
cherry tomato,20,1 cherry tomato (20 g)
chicory,38,1 head (53 g)
chinese cabbage,134,1 head (840 g)
chives,1,"1 tbsp, chopped (3 g)"
collard greens,12,"1 cup, raw (36 g)"
corn,562,1 cup (154 g)
courgette,33,1 courgette (196 g)
creamed spinach,148,1 cup (200 g)
cucumber,66,1 cucumber (410 g)
eggplant,115,1 eggplant (458 g)
endive,87,1 head (513 g)
fennel,73,1 bulb (234 g)
garlic,4,1 clove (3 g)
gherkin,9,1 gherkin (65 g)
gourd,108,1 gourd (771 g)
green beans,34,1 cup (110 g)
green olives,2,1 olive (2.7 g)
green onion,5,1 green onion (15 g)
horseradish,7,1 tbsp (15 g)
kale,33,"1 cup, chopped (67 g)"
kohlrabi,108,1 kohlrabi (400 g)
kumara,112,1 kumara (130 g)
leek,54,1 leek (89 g)
lettuce,90,1 head (600 g)
mushrooms,1,1 mushroom (5.4 g)
mustard greens,15,"1 cup, chopped (56 g)"
nori,1,1 sheet (2.6 g)
okra,4,1 pod (12 g)
olives,2,1 olive (2.7 g)
onion,34,1 onion (85 g)
parsnips,128,1 parsnip (170 g)
peas,79,1 cup (98 g)
pepper,20,1 pepper (75 g)
potato,164,1 potato (213 g)
pumpkin,51,1 pumpkin (196 g)
radishes,1,1 radish (4.5 g)
red cabbage,7,1 leaf (22 g)
rutabaga,147,1 rutabaga (386 g)
shallots,18,1 shallot (25 g)
spinach,78,1 bunch (340 g)
squash,88,1 squash (196 g)
sweet potato,112,1 potato (130 g)
tomato,20,1 tomato (111 g)
turnip greens,34,1 turnip green (170 g)
turnips,34,1 turnip (122 g)
wasabi,184,1 root (169 g)
winter squash,147,1 squash (431 g)
zucchini,33,1 zucchini (196 g)
acai,20,1 oz. (28.35 g)
apple,95,1 apple (182 g)
applesauce,167,1 cup (246 g)
apricot,17,1 apricot (35 g)
avocado,320,1 avocado (200 g)
banana,111,1 banana (125 g)
blackberries,62,1 cup (144 g)
blood oranges,70,1 serving (140 g)
blueberries,84,1 cup (148 g)
cantaloupe,23,1 wedge (69 g)
cherries,4,1 cherry (8 g)
clementine,35,1 clementine (74 g)
cranberries,46,1 cup (100 g)
currants,63,1 cup (112 g)
custard apple,136,1 custard apple (135 g)
dates,20,1 date (7.1 g)
figs,37,1 fig (50 g)
fruit salad,125,1 cup (249 g)
grapes,104,1 cup (151 g)
greengage,2,1 fruit (5 g)
guava,37,1 guava (55 g)
jackfruit,143,1 cup (151 g)
jujube,22,1 oz. (28.35 g)
kiwi,112,1 liwi (183 g)
lemon,17,1 lemon (58 g)
lime,20,1 lime (67 g)
lychees,7,1 lychee (10 g)
mandarin oranges,47,1 mandarin orange (88 g)
mango,202,1 mango (336 g)
minneola,70,1 minneola (109 g)
mulberries,60,1 cup (140 g)
nectarine,66,1 nectarine (150 g)
orange,62,1 orange (131 g)
papaya,215,1 fruit (500 g)
passion fruit,17,1 passoin fruit (18 g)
peach,59,1 peach (150 g)
pear,101,1 pear (178 g)
persimmon,32,1 fruit (25 g)
physalis,2,1 berry (5 g)
pineapple,453,1 pineapple (905 g)
plantains,218,1 plantain (179 g)
plum,30,1 plum (66 g)
pomegranate,234,1 pomegranate (282 g)
quince,52,1 quince (92 g)
raisins,434,1 cup (145 g)
rambutan,7,1 rambutan (9 g)
raspberries,64,1 cup (123 g)
rhubarb,11,1 stalk (51 g)
starfruit,28,1 star fruit (91 g)
strawberries,49,1 cup (152 g)
tamarind,5,1 tamarind (2 g)
tangerine,47,1 tangerine (88 g)
watermelon,86,1 wedge (286 g)
baby back ribs,360,1 serving (139 g)
bacon and eggs,539,1 serving (214 g)
baked beans,244,1 cup (260 g)
bbq ribs,360,1 rib (141 g)
beef stew,186,1 cup (196 g)
biryani,484,1 cup (275 g)
black pudding,101,1 pudding (40 g)
black rice,323,1/2 cup (100 g)
blt,593,1 item (240 g)
brown rice,670,1 cup (185 g)
burrito,326,1 burrito (200 g)
butter chicken,490,1 tray (350 g)
california roll,33,1 roll (35 g)
chicken caesar salad,392,1 salad (309 g)
chicken fried steak,423,1 steak (280 g)
chicken marsala,2209,1 serving (2301 g)
chicken parmesan,250,1 piece (227 g)
chicken pot pie,673,1 pie (302 g)
chicken tikka masala,195,1 serving (241 g)
chili con carne,266,1 cup (253 g)
chimichanga,418,1 item (180 g)
cobb salad,632,1 serving (536 g)
corn dog,438,1 item (175 g)
corned beef hash,349,1 can (213 g)
cottage pie,523,1 pie (376 g)
dal,304,1/2 cup (92 g)
deviled eggs,62,1/2 egg (31 g)
dim sum,37,1 piece (19 g)
dosa,287,1 serving (435 g)
enchiladas,323,1 enchilada (192 g)
fajita,290,1 serving (248 g)
fish and chips,585,1 serving (300 g)
fried rice,662,1 serving (356 g)
fried shrimp,75,1 shrimp (27 g)
grilled cheese sandwich,392,1 sandwich (136 g)
ham and cheese sandwich,352,1 sandwich (146 g)
hummus,435,1 cup (246 g)
jambalaya,250,1 cup (250 g)
kebab,774,1 kebab (360 g)
lasagne,284,1 serving (215 g)
mac and cheese,699,1 serving (189 g)
macaroni and cheese,699,1 serving (189 g)
mashed potatoes,174,1 cup (210 g)
meat pie,290,1 pie (120 g)
meatloaf,721,1 loaf (284 g)
naan,260,1 bread (84 g)
orange chicken,420,1 serving (162 g)
pad thai,375,1 cup (250 g)
paella,200,1/2 package (128 g)
paratha,260,1 paratha (80 g)
pea soup,190,1 cup (253 g)
peanut butter sandwich,200,1 sandwich (49 g)
peking duck,401,1/2 duck (178 g)
philly cheese steak,300,1 sandwich (120 g)
pizza,272,1 slice (102 g)
pork chop,295,1 chop (131 g)
potato salad,136,1/3 cup (95 g)
pulled pork sandwich,551,1 sandwich (261 g)
ramen,380,"1 package, dry (85 g)"
ravioli,134,5 ravioli (66 g)
reuben sandwich,641,1 sandwich (308 g)
roast beef,23,1 slice (21 g)
roast dinner,240,1 slice (121 g)
samosa,107,1 samosa (50 g)
sausage roll,361,1 roll (103 g)
sausage rolls,101,1 roll (34 g)
shepherds pie,159,1 pie (227 g)
shrimp cocktail,130,1 oz. (28 g)
sloppy joe,101,1/2 cup (142 g)
sloppy joes,397,1 bun (258 g)
spaghetti bolognese,374,1 serving (283 g)
spring roll,350,1 roll (140 g)
spring rolls,350,1 roll (140 g)
taco,213,1 taco (98 g)
tandoori chicken,198,1 serving (175 g)
yorkshire pudding,83,1 pudding (15 g)
amaranth,716,1 cup (193 g)
barley,556,1 cup (157 g)
barley groats,31,1 cup (31 g)
buckwheat,583,1 cup (170 g)
buckwheat groats,567,1 cup (164 g)
corn waffles,110,1 waffle (40 g)
cornmeal,442,1 cup (122 g)
cornstarch,488,1 cup (128 g)
couscous,650,1 cup (173 g)
cracker,35,1 cracker (7 g)
durum wheat semolina,119,1 tbsp (30 g)
flaxseed,897,1 cup (168 g)
freekeh,832,1 cup (160 g)
gluten,104,1 oz. (28 g)
grissini,20,1 grissini (5 g)
kamut,627,1 cup (186 g)
millet,484,1 cup (128 g)
millet flour,521,1 cup (140 g)
millet gruel,80,1 cup (174 g)
oat bran,231,1 cup (94 g)
pearl barley,553,1 cup (157 g)
polenta,549,1 cup (150 g)
prawn crackers,16,1 cracker (3 g)
pretzel sticks,46,20 sticks (12 g)
quinoa,626,1 cup (170 g)
rusk,41,1 rusk (10 g)
rye bran,422,1 cup (150 g)
sago,99,1 oz. (28 g)
savoury biscuits,139,40 grams (40 g)
shortbread,95,1 cookie (19 g)
spelt,588,1 cup (174 g)
spelt bran,283,1 cup (160 g)
spelt semolina,601,1 cup (167 g)
sunflower seeds,818,1 cup (140 g)
tortilla,467,1 tortilla (197 g)
tortilla chips,160,20 chips (32 g)
wheat bran,125,1 cup (58 g)
wheat germ,432,1 cup (113 g)
wheat gluten,10,1 tsp (3 g)
wheat semolina,601,1 cup (167 g)
wheat starch,386,1 cup (110 g)
whole grain wheat,407,1 cup (120 g)
wholegrain oat,300,1 cup (80 g)
almond oil,123,1 tbsp (14 ml)
apricot kernel oil,124,1 tbsp (14 ml)
argan oil,125,1 tbsp (14 ml)
avocado oil,120,1 tbsp (14 ml)
babassu oil,124,1 tbsp (14 ml)
canola oil,124,1 tbsp (14 ml)
coconut oil,120,1 tbsp (14 ml)
corn oil,120,1 tbsp (15 ml)
cottonseed oil,123,1 tbsp (14 ml)
flaxseed oil,124,1 tbsp (14 ml)
grape seed oil,124,1 tbsp (14 ml)
hazelnut oil,124,1 tbsp (14 ml)
linseed oil,117,1 tbsp (14 ml)
menhaden oil,128,1 tbsp (14 ml)
mustard oil,124,1 tbsp (14 ml)
oat oil,124,1 tbsp (14 ml)
olive oil,120,1 tbsp (15 ml)
palm kernel oil,123,1 tbsp (14 ml)
palm oil,123,1 tbsp (14 ml)
peanut oil,120,1 tbsp (14 ml)
poppy seed oil,124,1 tbsp (14 ml)
pumpkin seed oil,123,1 tbsp (14 ml)
rice bran oil,124,1 tbsp (14 ml)
safflower oil,120,1 tbsp (14 ml)
salmon oil,128,1 tbsp (14 ml)
sesame oil,124,1 tbsp (14 ml)
shea oil,124,1 tbsp (14 ml)
soy oil,123,1 tbsp (14 ml)
sunflower oil,124,1 tbsp (14 ml)
tomato seed oil,124,1 tbsp (14 ml)
vegetable oil,120,1 tbsp (15 ml)
walnut oil,124,1 tbsp (14 ml)
wheat germ oil,130,1 tbsp (14 ml)
alphabet soup,62,1 cup (248 g)
bean stew,335,1 cup (252 g)
beef bouillon,7,1 cup (240 g)
beef noodle soup,83,1 cup (244 g)
beef soup,70,1 cup (213 g)
bouillon,39,1 cup (244 g)
broccoli cheese soup,264,1 can (303 g)
broccoli soup,206,1 cup (237 g)
cabbage soup,69,1 cup (245 g)
carrot ginger soup,95,1 serving (381 g)
carrot soup,95,1 serving (381 g)
chicken bouillon,10,1 cup (241 g)
chicken broth,39,1 cup (244 g)
chicken gumbo soup,56,1 cup (244 g)
chicken noodle soup,62,1 cup (248 g)
chicken stock,39,1 cup (244 g)
chicken vegetable soup,77,1 cup (248 g)
chicken with rice soup,58,1 cup (243 g)
cream of asparagus soup,85,1 cup (244 g)
cream of broccoli soup,140,1 serving (310 g)
cream of celery soup,92,1 cup (248 g)
cream of chicken soup,117,1 cup (244 g)
cream of mushroom soup,97,1 cup (248 g)
cream of onion soup,107,1 cup (244 g)
cream of potato soup,73,1 cup (244 g)
creamy chicken noodle soup,56,1 cup (245 g)
french onion soup,56,1 cup (243 g)
golden mushroom soup,161,1 cup (248 g)
goulash,1887,1 serving (187 g)
instant ramen,371,1 package (85 g)
lentil soup,139,1 cup (248 g)
lobster bisque soup,248,1 cup (248 g)
meatball soup,120,1 cup (245 g)
minestrone,82,1 cup (241 g)
mushroom soup,85,1 cup (244 g)
noodle soup,83,1 cup (244 g)
onion soup,56,1 cup (243 g)
oxtail soup,68,1 cup (244 g)
potato soup,192,1 serving (240 g)
pumpkin soup,71,1 cup (245 g)
scotch broth,80,1 cup (241 g)
succotash,221,1 cup (192 g)
thai soup,147,1 cup (245 g)
tomato rice soup,116,1 cup (247 g)
tomato soup,74,1 cup (248 g)
vegetable beef soup,76,1 cup (244 g)
vegetable broth,12,1 cup (235 g)
vegetable soup,67,1 cup (241 g)
vegetable stock,12,1 cup (235 g)
wedding soup,130,1 cup (245 g)
baskin-robbins,170,1 scoop (71 g)
ben and jerry’s,210,1 scoop (92 g)
butter pecan ice cream,280,1 scoop (113 g)
carvel,449,1 cup (212 g)
chocolate chip ice cream,155,1 scoop (72 g)
chocolate ice cream,156,1 scoop (72 g)
ciao bella,240,1 cup (220 g)
coffee ice cream,170,1 scoop (72 g)
cold stone creamery,329,1 scoop (142 g)
cookie dough ice cream,130,1/2 cup (65 g)
crunchie mcflurry,318,1 mcflurry (183 g)
dairy milk mcflurry,340,1 mcflurry (183 g)
dippin dots,381,1 cup (170 g)
double rainbow,185,1 scoop (72 g)
drumsticks,360,1 cone (141 g)
french vanilla ice cream,145,1 scoop (72 g)
friendly’s,140,1 scoop (66 g)
healthy choice,80,1 bar (64 g)
hot fudge sundae,333,1 sundae (179 g)
ice cream sandwich,265,1 bar (112 g)
ice cream sundae,253,1 sundae (178 g)
ice milk,164,1 scoop (103 g)
magnolia,166,1 scoop (72 g)
magnum,258,1 magnum (86 g)
magnum almond,271,1 magnum (86 g)
magnum double caramel,305,1 magnum (86 g)
magnum double chocolate,327,1 magnum (86 g)
magnum gold,290,1 magnum (85 g)
magnum white,255,1 magnum (86 g)
mcflurry,205,1 mcflurry (134 g)
mcflurry oreo,340,1 mcflurry (183 g)
mini milk,30,1 mini milk (25 g)
mint chocolate chip ice cream,172,1 scoop (72 g)
rocky road ice cream,290,1 scoop (113 g)
schwan’s,177,1 scoop (72 g)
smarties mcflurry,400,1 mcflurry (202 g)
snickers ice cream,180,1 bar (50 g)
soft serve,191,1 cup (86 g)
solero,75,1 solero (75 g)
strawberry ice cream,170,1 scoop (72 g)
strawberry sundae,281,1 sundae (178 g)
sundae,155,1 scoop (72 g)
turkey hill,190,1 sandwich (70 g)
vanilla cone,230,1 cone (142 g)
vanilla ice cream,145,1 scoop (72 g)
cannelloni,82,2 oz. (56 g)
capellini,198,2 oz. (56 g)
cappelletti,92,2 oz. (56 g)
cellophane noodles,491,1 cup (140 g)
cheese tortellini,329,1 cup (113 g)
dampfnudel,233,1 dampfnudel (85 g)
dumpling dough,55,2 oz. (56 g)
egg noodles,146,1 cup (38 g)
farfalle,200,2 oz. (56 g)
fettuccine,198,2 oz. (56 g)
fusilli,197,2 oz. (56 g)
glass noodles,108,2 oz. (56 g)
lasagne sheets,57,1 sheet (21 g)
linguine,200,2 oz. (56 g)
low carb pasta,158,2 oz. (56 g)
macaroni,422,1 cup (114 g)
manicotti,200,2 oz. (56 g)
mostaccioli,103,2 oz. (56 g)
orecchiette,207,2 oz. (56 g)
orzo,200,2 oz. (56 g)
penne,197,2 oz. (56 g)
penne rigate,207,2 oz. (56 g)
pierogi,200,3 pierogi (100 g)
rigatoni,198,2 oz. (56 g)
rotini,198,2 oz. (56 g)
shells,300,1 cup (85 g)
shirataki noodles,10,2 oz. (56 g)
soy noodles,121,2 oz. (56 g)
spaetzle,206,2 oz. (56 g)
spaghetti,207,2 oz. (56 g)
spinach tortellini,320,1 cup (102 g)
spirelli,206,2 oz. (56 g)
tagliatelle,207,2 oz. (56 g)
tortellini,329,1 cup (113 g)
vermicelli,206,2 oz. (56 g)
whole grain noodles,194,2 oz. (56 g)
whole grain spaghetti,197,2 oz. (56 g)
ziti,197,2 oz. (56 g)
bbq chicken pizza,309,1 slice (132 g)
bbq pizza,314,1 slice (140 g)
beef pizza,714,1 slice (235 g)
bianca pizza,460,1 slice (187 g)
buffalo chicken pizza,600,1 slice (238 g)
calabrese pizza,254,1 slice (108 g)
calzone,841,1 calzone (364 g)
capricciosa pizza,192,1 slice (74 g)
cheese pizza,168,1 slice (63 g)
chicken pizza,309,1 slice (132 g)
deep dish pizza,313,1 slice (118 g)
dominos philly cheese steak pizza,356,1 slice (159 g)
four cheese pizza,250,1 slice (113 g)
goat cheese pizza,138,1 slice (63 g)
grilled pizza,280,1 slice (124 g)
hawaiian pizza,154,1 slice (134 g)
margherita pizza,173,1 slice (63 g)
mozzarella pizza,154,1 slice (62 g)
mushroom pizza,611,1 slice (288 g)
napoli pizza,248,1 slice (123 g)
new york style pizza,174,1 slice (103 g)
pepperoni pizza,181,1 slice (71 g)
pizza dough,130,2 oz. (57 g)
pizza hut stuffed crust pizza,380,1 slice (149 g)
pizza hut supreme pizza,305,1 slice (123 g)
pizza rolls,35,1 roll (14 g)
quattro formaggi pizza,330,1 slice (133 g)
red pepper pizza,165,1 slice (86 g)
salami pizza,181,1 slice (71 g)
sausage pizza,177,1 slice (72 g)
seafood pizza,186,1 slice (76 g)
shrimp pizza,190,1 slice (91 g)
sicilian pizza,321,1 slice (133 g)
spinach feta pizza,150,1 slice (62 g)
spinach pizza,145,1 slice (62 g)
stuffed crust pizza,380,1 slice (149 g)
tarte flambée,142,1 square (56 g)
thin crust pizza,157,1 slice (60 g)
tuna pizza,318,1 slice (125 g)
vegetable pizza,399,1 slice (156 g)
vegetarian pizza,399,1 slice (156 g)
veggie pizza,263,1 slice (114 g)
white pizza,571,1 slice (232 g)
acerola,1,1 acerola (4.8 g)
asian pear,75,1 pear (178 g)
breadfruit,99,1/4 breadfruit (96 g)
cantaloupe melon,23,1 wedge (69 g)
casaba melon,35,1 wedge (125 g)
cherimoya,176,1 cherimoya (235 g)
dragon fruit,120,1 dragonfruit (200 g)
durian,885,1 durian (602 g)
feijoa,23,1 feijoa (42 g)
galia melon,30,1 melon (130 g)
grapefruit,52,1/2 grapefruit (123 g)
honeydew,45,1 wedge (125 g)
kumquat,13,1 kumquat (19 g)
lychee,7,1 lychee (10 g)
mangosteen,58,1 serving (80 g)
maracuya,17,1 maracuya (18 g)
maraschino cherries,8,1 cherry (5 g)
muskmelon,23,1 wedge (69 g)
noni,15,1 oz. (28.4 g)
pink grapefruit,52,1/2 grapefruit (123 g)
plantain,218,1 plantain (179 g)
pomelo,231,1 pomelo (609 g)
prickly pear,8,"1 pad, peeled (19 g)"
sapodilla,141,1 sapodilla (170 g)
soursop fruit,413,1 soursop fruit (625 g)
star fruit,28,1 starfruit (91 g)
arby’s grand turkey club,489,1 sandwich (233 g)
arby’s reuben,641,1 sandwich (308 g)
arby’s roast beef classic,360,1 burger (154 g)
arby’s roast beef max,360,1 burger (154 g)
bbq rib,142,1 rib (67 g)
bean burrito,380,1 burrito (190 g)
big n’ tasty,517,1 sandwich (232 g)
bratwurst,283,1 piece (85 g)
burger king angry whopper,740,1 burger (290 g)
burger king double whopper,894,1 burger (374 g)
burger king double whopper with cheese,994,1 sandwich (399 g)
burger king original chicken sandwich,659,1 sandwich (219 g)
burger king premium alaskan fish sandwich,591,1 burger (228 g)
burger king triple whopper,1471,1 burger (547 g)
burger king whopper,672,1 burger (291 g)
burger king whopper jr.,346,1 burger (148 g)
burger king whopper with cheese,759,1 burger (315 g)
cheeseburger,410,1 burger (156 g)
chicken breast,116,1 piece (71 g)
chicken fajita,326,1 sandwich (222 g)
chicken mcnuggets,48,1 nugget (16 g)
chicken nuggets,59,1 piece (20 g)
chicken pizziola,451,1 sandwich (320 g)
chicken sandwich,410,1 sandwich (170 g)
chicken teriyaki sandwich,367,1 sandwich (266 g)
chicken wings,94,1 piece (29 g)
chop suey,585,1 serving (340 g)
curly fries,398,1 serving (128 g)
double cheeseburger,414,1 burger (155 g)
egg roll,200,1 roll (80 g)
falafel,57,1 patty (17 g)
filet-o-fish,400,1 sandwich (142 g)
fish sandwich,431,1 sandwich (158 g)
french fries,222,1 serving (71 g)
grilled chicken salad,268,1 salad (305 g)
ham sandwich,352,1 sandwich (146 g)
hamburger,279,1 sandwich (110 g)
hot dog,312,1 hot dog (116 g)
italian bmt,410,1 sandwich (224 g)
lasagna,172,1 piece (130 g)
mcdonald’s big mac,561,1 burger (219 g)
mcdonald’s cheeseburger,300,1 sandwich (114 g)
mcdonald’s chicken nuggets,48,1 nugget (16 g)
mcdonald’s double cheeseburger,437,1 burger (155 g)
mcdonald’s filet-o-fish,391,1 sandwich (142 g)
mcdonald’s mcchicken,359,1 burger (143 g)
mcdonald’s mcdouble,403,1 burger (160 g)
mcdonald’s mcmuffi egg,290,1 burger (129 g)
mcdonald’s mcrib,451,1 sandwich (170 g)
mcdonald’s mighty wings,95,1 wing (31 g)
mcrib,451,1 sandwich (170 g)
meatball sandwich,481,1 sandwich (299 g)
nachos with cheese,575,10 nachos (188 g)
onion rings,25,1 ring (6.5 g)
poutine,511,1 serving (225 g)
smoked salmon,44,1 oz. (28.35 g)
spicy italian,480,1 sandwich (219 g)
subway club sandwich,312,1 sandwich (238 g)
tortilla wrap,171,1 wrap (63 g)
tuna,24,1 oz. (28.35 g)
turkey,29,1 oz. (28.35 g)
veggie burger,389,1 burger (215 g)
veggie delight,229,1 sandwich (166 g)
veggie patty,963,1 sandwich (247 g)
wendy’s baconator,839,1 burger (276 g)
wendy’s jr. bacon cheeseburger,420,1 burger (161 g)
wendy’s jr. cheeseburger,290,1 burger (129 g)
wendy’s son of baconator,700,1 burger (218 g)
whopper,672,1 burger (291 g)
zinger,517,1 sandwich (202 g)
zinger burger,517,1 sandwich (202 g)
